"﻿""id""","chapter","section","content"
"937148","QUY ĐỊNH: Phân loại trình độ đầu vào và chương trình môn học và chuẩn ngoại ngữ yêu cầu đối với sinh viên đại học hệ chính quy","Điều 1. Phạm vi và đối tượng áp dụng","1. Văn bản này quy định về công tác tổ chức đánh giá và phân loại trình độ ngoại ngữ đầu vào; chương trình môn học ngoại ngữ; điều kiện được miễn học các học phần ngoại ngữ; chuẩn ngoại ngữ yêu cầu theo số lượng tín chỉ tích lũy và chuẩn ngoại ngữ đầu ra.
2. Quy định này áp dụng cho sinh viên đại học hệ chính quy, không thuộc ngành Ngôn ngữ Anh của Đại học Bách khoa Hà Nội.
3. Quy định này không áp dụng cho sinh viên là người nước ngoài đang học tại Đại học Bách khoa Hà Nội."
"398526","QUY ĐỊNH: Phân loại trình độ đầu vào và chương trình môn học và chuẩn ngoại ngữ yêu cầu đối với sinh viên đại học hệ chính quy","Điều 2. Phân loại trình độ đầu vào và phân lớp học ngoại ngữ","1. Căn cứ phân loại trình độ ngoại ngữ đầu vào với sinh viên thuộc chương trình đào tạo có yêu cầu chuẩn đầu ra là tiếng Anh:
a, Đối với các sinh viên thuộc chương trình đào tạo chuẩn: phân loại dựa trên điểm thi môn tiếng Anh của kỳ thi tốt nghiệp THPT tại năm nhập học hoặc chứng chỉ tiếng Anh quốc tế;
b, Đối với các sinh viên thuộc các chương trình đào tạo tiên tiến, tài năng và chương trình hợp tác quốc tế: phân loại dựa trên kết quả kiểm tra tiếng Anh nội bộ đầu khóa hoặc chứng chỉ tiếng Anh quốc tế;
2. Căn cứ phân loại trình độ ngoại ngữ đầu vào với sinh viên thuộc chương trình đào tạo có yêu cầu chuẩn đầu ra là ngoại ngữ khác tiếng Anh:phân loại dựa trên điểm thi môn ngoại ngữ tương ứng của kỳ thi tốt nghiệp THPT tại năm nhập học hoặc dựa trên chứng chỉ quốc tế của ngôn ngữ tương ứng.
3. Căn cứ trên kết quả phân loại trình độ ngoại ngữ đầu vào, sinh viên được xét miễn học các học phần theo quy định và được xếp lớp học ngoại ngữ tương ứng.
4. Sinh viên không đáp ứng điều kiện phân loại trình độ ngoại ngữ theo khoản 1 hoặc khoản 2 của điều này sẽ phải học toàn bộ các học phần ngoại ngữ tương ứng với từng chương trình đào tạo theo lộ trình quy định."
"846209","QUY ĐỊNH: Phân loại trình độ đầu vào và chương trình môn học và chuẩn ngoại ngữ yêu cầu đối với sinh viên đại học hệ chính quy","Điều 3. Công nhận, xét miễn học phần ngoại ngữ","1. Tất cả các học phần ngoại ngữ tương ứng với từng chương trình đào tạo là các học phần bắt buộc. Nhà trường sẽ đăng ký các học phần ngoại ngữ theo kế hoạch học tập chuẩn cho các sinh viên.
2. Trong quá trình học tập, nếu sinh viên đạt được chứng chỉ ngoại ngữ theo quy định sẽ được xét miễn các học phần ngoại ngữ tương ứng với trình độ đạt được. Các học phần được miễn sẽ được ghi điểm R trong bảng điểm.
3. Chứng chỉ ngoại ngữ để xét miễn học phần phải còn hạn theo quy định tính tới thời điểm nộp đơn xét miễn. Danh sách chứng chỉ và các học phần được miễn được ghi trong các phụ lục tương ứng kèm theo Quy định này.
4. Toàn bộ các chứng chỉ ngoại ngữ quốc gia, quốc tế phải được thẩm định nguồn gốc và cập nhật mức điểm lên hệ thống phần mềm quản lý đào tạo trước thời điểm nộp đơn đề nghị xét miễn học phần ngoại ngữ.
5. Thời gian tiếp nhận đơn đề nghị xét miễn học phần ngoại ngữ muộn nhất là 2 tuần trước khi bắt đầu học kỳ theo Khung kế hoạch thời gian của năm học."
"452096","QUY ĐỊNH: Phân loại trình độ đầu vào và chương trình môn học và chuẩn ngoại ngữ yêu cầu đối với sinh viên đại học hệ chính quy","Điều 4. Yêu cầu về chuẩn ngoại ngữ theo tín chỉ tích lũy và chuẩn ngoại ngữ đầu ra","1. Yêu cầu về chuẩn ngoại ngữ theo số lượng tín chỉ tích lũy và chuẩn ngoại ngữ đầu ra được quy định cụ thể cho từng chương trình đào tạo tại các phụ lục tương ứng được ban hành kèm theo Quy định này.
2. Kết quả thi các kỳ thi ngoại ngữ nội bộ của Đại học Bách khoa Hà Nội được công nhận để xét điều kiện chuẩn ngoại ngữ theo số lượng tín chỉ tích lũy. Riêng với các sinh viên thuộc các chương trình đào tạo tiên tiến, chương trình đào tạo tài năng và chương trình đào tạo hợp tác quốc tế phải có chứng chỉ tiếng Anh quốc tế để được xét công nhận đạt chuẩn ngoại ngữ đầu ra.
3. Sinh viên được tham dự các kỳ thi tiếng Anh nội bộ của Đại học Bách khoa Hà Nội nhiều lần và được công nhận điểm thi cao nhất trong các lần thi. Kết quả thi này có giá trị công nhận trong vòng 2 năm kể từ ngày thi."
"174952","QUY ĐỊNH: Phân loại trình độ đầu vào và chương trình môn học và chuẩn ngoại ngữ yêu cầu đối với sinh viên đại học hệ chính quy","Điều 5. Hạn chế khối lượng học tập trong trường hợp không đạt chuẩn ngoại ngữ theo tín chỉ tích lũy và điều kiện gỡ bỏ hạn chế","1. Sinh viên không đạt chuẩn ngoại ngữ quy định theo số lượng tín chỉ tích lũy sẽ chỉ được đăng ký tối đa 14 tín chỉ và tối thiểu 8 tín chỉ cho một học kỳ chính, tương ứng với quy định tại Điều 19 của quy chế đào tạo chính quy.
2. Điều kiện gỡ bỏ hạn chế khối lượng học tập:
a, Chỉ áp dụng với sinh viên các chương tình đào tạo chuẩn , đào tạo tài năng, đào tạo tiên tiến và quốc tế với chuẩn ngoại ngữ đầu ra là tiếng Anh và đang ở trong trạng thái bị hạn chế khối lượng học tập theo quy định tại mục 1 của điều này.
b, Sinh viên được gỡ bỏ mức hạn chế khối lượng học tập hoặc được tiếp tục học tập nếu đã đăng ký học tại Trường ít nhất 90 tiết học các học phần tiếng Anh bổ trợ. Các học phần tiếng Anh bổ trợ được đăng ký học phải đảm bảo tương đương với trình độ tiếng Anh yêu cầu trong học kỳ cần gỡ bỏ hạn chế khối lượng học tập.
c, Yêu cầu về chuyên cần khi tham gia học các học phần tiếng Anh bổ trợ: sinh viên cần đảm bảo tham dự tối thiểu 80% số tiết học yêu cầu của mỗi học phần. Những sinh viên không đảm bảo điều kiện chuyên cần với bất cứ học phần tiếng Anh bổ trợ nào đã đăng ký sẽ bị áp dụng mức hạn chế khối lượng học tập ở học kỳ kế tiếp.
d, Điều kiện gỡ bỏ giới hạn khối lượng học tập không áp dụng cho các trường hợp sinh viên bị cảnh báo học tập, xét nhận đồ án tốt nghiệp/khóa luận tốt nghiệp, xét tốt nghiệp"
"620175","QUY ĐỊNH: Phân loại trình độ đầu vào và chương trình môn học và chuẩn ngoại ngữ yêu cầu đối với sinh viên đại học hệ chính quy","Điều 6. Các trường hợp ngoại lệ","Các trường hợp ngoại lệ sẽ do đơn vị chức năng quản lý đào tạo đề xuất để Hiệu trưởng quyết định, căn cứ các quy định hiện hành của Bộ Giáo dục và Đào tạo."
"201794","QUY ĐỊNH: Phân loại trình độ đầu vào và chương trình môn học và chuẩn ngoại ngữ yêu cầu đối với sinh viên đại học hệ chính quy","Điều 7. Hiệu lực thi hành","1. Quy định này được áp dụng từ năm học 2020-2021 đối với các chương trình đào tạo kể từ khóa K65 trở về sau.
2. Quy định hiện hành về ngoại ngữ đối với các chương trình đào tạo từ khóa K64 trở về trước vẫn còn hiệu lực thi hành cho đến thời điểm kết thúc khóa đào tạo."
"753960","PHỤ LỤC 1 Danh mục các chương trình đào tạo và ngoại ngữ chính yêu cầu","Yêu cầu ngôn ngữ chính cho LOẠI/TÊN CHƯƠNG TRÌNH ĐÀO TẠO trung học phổ thông","Yêu cầu nngôn ngữ chính dành cho các chương trình đào tạo:
Các chương trình đào tạo chuẩn: Tiếng Anh
Các chương trình đào tạo tài năng: Tiếng Anh
Các chương trình đào tạo chất lượng cao PFIEV: Tiếng Pháp
Các chương trình đào tạo tiên tiến:
1. Công nghệ thông tin Global ICT – Tiếng Anh
2. Khoa học dữ liệu và Trí tuệ nhân tạo – Tiếng Anh
3. Kỹ thuật điều khiển - Tự động hóa – Tiếng Anh
4. Kỹ thuật Điện tử - Viễn thông – Tiếng Anh
5. Kỹ thuật Y Sinh – Tiếng Anh
6. Kỹ thuật Cơ điện tử – Tiếng Anh
7. Kỹ thuật Ô tô – Tiếng Anh
8. Khoa học và Kỹ thuật Vật liệu – Tiếng Anh
9. Kỹ thuật hóa học – Tiếng Anh
10. Kỹ thuật thực phẩm – Tiếng Anh
11. Phân tích kinh doanh – Tiếng Anh
12. Logistic và Quản lý chuỗi cung ứng – Tiếng Anh
13. Hệ thống nhúng thông minh và IoT – Tiếng Nhật
14. Công nghệ thông tin Việt-Nhật – Tiếng Nhật
15. Kỹ thuật cơ điện tử Việt-Pháp – Tiếng Pháp
Các chương trình đào tạo hợp tác quốc tế:
1. Công nghệ thông tin (ĐH La Trobe, Úc) – Tiếng Anh
2. Công nghệ thông tin (ĐH Victoria Wellington, New Zealand) – Tiếng Anh
3. Quản trị kinh doanh (ĐH Victoria Wellington, New Zealand) – Tiếng Anh
1. Cơ khí Chế tạo máy (ĐH Đại học Griffith, Úc) – Tiếng Anh
5. Logistic và Quản lý chuỗi cung ứng (ĐH Northamton, Anh, từ K64 trở về) – Tiếng Anh
2. Cơ điện tử (ĐH Nagaoka, Nhật Bản) – Tiếng Nhật
7. Điện tử Viễn thông (ĐH Leibniz, Đức) – Tiếng Đức
4. Cơ điện tử (ĐH Leibniz Hannover, Đức) – Tiếng Đức
5. Quản trị kinh doanh (ĐH TROY, Mỹ) – Tiếng Anh
6. Khoa học Máy tính (ĐH TROY, Mỹ) – Tiếng Anh"
"085371","PHỤ LỤC 2 Bảng quy đổi tương đương các chứng chỉ tiếng Anh","1. Bảng quy đổi tương đương các chứng chỉ tiếng Anh","TOEIC 350 tương đương trình độ A1 (APTIS General từ 55–65)
TOEIC 400 tương đương trình độ A2 (APTIS General từ 66–101), TOEFL iBT từ 25–31, IELTS từ 3.0 đến 3.5, bài thi KET đạt điểm C hoặc B
TOEIC 500 tương đương trình độ B1 (APTIS General 102–130, APTIS Advanced 74–109), TOEFL iBT 32–34, IELTS từ 4.0 đến 4.5
TOEIC 600 tương đương trình độ B1 (APTIS General 131–152, APTIS Advanced 110–125), TOEFL iBT 35–45, IELTS 5.0
TOEIC 650 tương đương trình độ B2 (APTIS General 153–159, APTIS Advanced 126–152), TOEFL iBT 46–59, IELTS 5.5
TOEIC 750 tương đương trình độ B2 (APTIS General 160–183, APTIS Advanced 153–165), TOEFL iBT 60–78, IELTS 6.0
TOEIC từ 850 đến 950 tương đương trình độ C (APTIS General ≥183, APTIS Advanced 166–199), TOEFL iBT từ 79–114, IELTS từ 6.5 đến 8.0"
"542176","PHỤ LỤC 2 Bảng quy đổi tương đương các chứng chỉ tiếng Anh","2. Điều kiện xét tương đương","+ Sinh viên có các chứng chỉ tiếng Anh APTIS, TOEFL, IELTS, Cambridge (4 kỹ năng) được phép quy đổi tương đương nhau và quy đổi sang chứng chỉ TOEIC (2 kỹ năng) để xét tốt nghiệp.
+ Sinh viên có chứng chỉ TOEIC (2 kỹ năng) được phép quy đổi tương đương sang các chứng chỉ APTIS, TOEFL, IELTS, Cambridge (4 kỹ năng) để xét đạt chuẩn ngoại ngữ theo số tín chỉ tích lũy trong trường hợp cần thiết, tuy nhiên không được quy đổi tương đương để xét tốt nghiệp.
+ Các trường hợp quy đổi tương đương khác do Hiệu trưởng quyết định."
"914826","PHỤ LỤC 3 Danh mục các học phần tiếng Anh và chuẩn yêu cầu đối với các chương trình đào tạo chuẩn","1. Danh mục các học phần tiếng Anh yêu cầu","Học phần FL1128 – Tiếng Anh tăng cường – có thời lượng 3(0-6-0-6), không tính tín chỉ trong chương trình đào tạo, bắt buộc học với sinh viên không đạt đầu vào hoặc đạt TOEIC dưới 300 điểm hoặc tương đương.
Học phần FL1129 – Tiếng Anh cơ sở 1 – có thời lượng 3(0-6-0-6), có 3 tín chỉ trong chương trình đào tạo, được miễn học với trình độ TOEIC từ 300 điểm trở lên hoặc tương đương.
Học phần FL1130 – Tiếng Anh cơ sở 2 – có thời lượng 3(0-6-0-6), có 3 tín chỉ trong chương trình đào tạo, được miễn học với trình độ TOEIC từ 400 điểm trở lên hoặc tương đương."
"375061","PHỤ LỤC 3 Danh mục các học phần tiếng Anh và chuẩn yêu cầu đối với các chương trình đào tạo chuẩn","2. Yêu cầu chuẩn tiếng Anh theo số tín chỉ tích lũy và chuẩn đầu ra","Sinh viên có số tín chỉ tích lũy từ 0 đến 63 tín chỉ cần hoàn thành các học phần tiếng Anh cơ sở FL1129 và FL1130.
Sinh viên có số tín chỉ tích lũy từ 64 đến 95 tín chỉ cần đạt tối thiểu 400 điểm TOEIC.
Sinh viên có số tín chỉ tích lũy từ 96 tín chỉ trở lên cần đạt tối thiểu 450 điểm TOEIC.
Điều kiện để được xét nhận đồ án hoặc khóa luận tốt nghiệp là đạt tối thiểu 500 điểm TOEIC.
Điều kiện để được xét tốt nghiệp là đạt tối thiểu 500 điểm TOEIC."
"820734","PHỤ LỤC 4 Danh mục các học phần tiếng Anh và chuẩn yêu cầu đối với các chương trình đào tạo Tài năng","1. Danh mục các học phần tiếng Anh yêu cầu","Học phần FL1105 – LIFE 1 – có thời lượng 3(3-3-0-6), không tính tín chỉ trong chương trình đào tạo, được miễn học với trình độ TOEIC từ 400 điểm trở lên hoặc tương đương.
Học phần FL1106 – LIFE 2 – có thời lượng 3(3-3-0-6), không tính tín chỉ trong chương trình đào tạo, được miễn học với trình độ TOEIC từ 400 điểm trở lên hoặc tương đương.
Học phần FL1107 – LIFE 3 – có thời lượng 3(3-3-0-6), có 3 tín chỉ trong chương trình đào tạo, được miễn học với trình độ TOEIC từ 400 điểm trở lên hoặc tương đương.
Học phần FL1108 – LIFE 4 – có thời lượng 3(3-3-0-6), có 3 tín chỉ trong chương trình đào tạo, được miễn học với trình độ TOEIC từ 400 điểm trở lên hoặc tương đương."
"409583","PHỤ LỤC 4 Danh mục các học phần tiếng Anh và chuẩn yêu cầu đối với các chương trình đào tạo Tài năng","2. Yêu cầu chuẩn tiếng Anh theo số tín chỉ tích lũy và chuẩn đầu ra","Sinh viên có số tín chỉ tích lũy từ 0 đến 63 tín chỉ cần hoàn thành các học phần tiếng Anh FL1105, FL1106, FL1107 và FL1108.
Sinh viên có số tín chỉ tích lũy từ 64 đến 95 tín chỉ cần đạt tối thiểu 400 điểm TOEIC.
Sinh viên có số tín chỉ tích lũy từ 96 tín chỉ trở lên cần đạt tối thiểu 450 điểm TOEIC.
Điều kiện để được xét nhận đồ án hoặc khóa luận tốt nghiệp là đạt tối thiểu 500 điểm TOEIC.
Điều kiện để được xét tốt nghiệp là đạt tối thiểu 600 điểm TOEIC."
"163807","PHỤ LỤC 5 Danh mục các học phần tiếng Anh và chuẩn yêu cầu đối với các chương trình đào tạo Elitech có ngoại ngữ chính là TIẾNG ANH","1. Danh mục các học phần tiếng Anh yêu cầu từ K65","Học phần FL1141 – Practical grammar for writing – có thời lượng 3(1-4-0-6), không tính tín chỉ trong chương trình đào tạo, được miễn học với trình độ IELTS từ 3.0 trở lên hoặc tương đương.
Học phần FL1142 – Communication skills 1 – có thời lượng 3(1-4-0-6), không tính tín chỉ trong chương trình đào tạo, được miễn học với trình độ IELTS từ 3.0 trở lên hoặc tương đương.
Học phần FL1143 – Working with text 1 – có thời lượng 3(1-4-0-6), không tính tín chỉ trong chương trình đào tạo, được miễn học với trình độ IELTS từ 3.0 trở lên hoặc tương đương.
Học phần FL1144 – Listening – có thời lượng 3(2-2-0-6), không tính tín chỉ trong chương trình đào tạo, được miễn học với trình độ IELTS từ 3.0 trở lên hoặc tương đương.
Học phần FL1145 – Speaking – có thời lượng 2(1-3-0-4), không tính tín chỉ trong chương trình đào tạo, được miễn học với trình độ IELTS từ 3.0 trở lên hoặc tương đương.
Học phần FL1146 – Reading – có thời lượng 2(1-2-0-4), không tính tín chỉ trong chương trình đào tạo, được miễn học với trình độ IELTS từ 3.0 trở lên hoặc tương đương.
Học phần FL1147 – Writing – có thời lượng 3(2-2-0-6), không tính tín chỉ trong chương trình đào tạo, được miễn học với trình độ IELTS từ 3.0 trở lên hoặc tương đương.
Học phần FL1148 – Foundation Writing – có thời lượng 2(1-2-0-4), không tính tín chỉ trong chương trình đào tạo, chỉ cần học với trình độ IELTS từ 3.0 đến 4.5 hoặc tương đương.
Học phần FL1149 – Communication Skills 2 – có thời lượng 3(2-2-0-6), không tính tín chỉ trong chương trình đào tạo, chỉ cần học với trình độ IELTS từ 3.0 đến 4.5 hoặc tương đương.
Học phần FL1150 – Working with text 2 – có thời lượng 2(1-2-0-4), không tính tín chỉ trong chương trình đào tạo, chỉ cần học với trình độ IELTS từ 3.0 đến 4.5 hoặc tương đương.
Học phần FL1120 – IELTS Listening 1 – có thời lượng 2(2-1-0-4), không tính tín chỉ trong chương trình đào tạo, chỉ cần học với trình độ IELTS từ 3.0 đến 4.5 hoặc tương đương.
Học phần FL1121 – IELTS Speaking 1 – có thời lượng 1(1-0-1-4), không tính tín chỉ trong chương trình đào tạo, chỉ cần học với trình độ IELTS từ 3.0 đến 4.5 hoặc tương đương.
Học phần FL1122 – IELTS Reading 1 – có thời lượng 1(1-1-0-4), không tính tín chỉ trong chương trình đào tạo, chỉ cần học với trình độ IELTS từ 3.0 đến 4.5 hoặc tương đương.
Học phần FL1123 – IELTS Writing 1 – có thời lượng 2(2-1-0-4), không tính tín chỉ trong chương trình đào tạo, chỉ cần học với trình độ IELTS từ 3.0 đến 4.5 hoặc tương đương.
Học phần FL1124 – IELTS Listening 2 – có thời lượng 2(2-1-0-4), có tính tín chỉ trong chương trình đào tạo, được miễn học với trình độ IELTS từ 5.5 trở lên hoặc tương đương.
Học phần FL1125 – IELTS Speaking 2 – có thời lượng 1(1-1-0-4), có tính tín chỉ trong chương trình đào tạo, được miễn học với trình độ IELTS từ 5.5 trở lên hoặc tương đương.
Học phần FL1126 – IELTS Reading 2 – có thời lượng 1(1-1-0-4), có tính tín chỉ trong chương trình đào tạo, được miễn học với trình độ IELTS từ 5.5 trở lên hoặc tương đương.
Học phần FL1127 – IELTS Writing 2 – có thời lượng 2(2-1-0-4), có tính tín chỉ trong chương trình đào tạo, được miễn học với trình độ IELTS từ 5.5 trở lên hoặc tương đương"
"608392","PHỤ LỤC 5 Danh mục các học phần tiếng Anh và chuẩn yêu cầu đối với các chương trình đào tạo Elitech có ngoại ngữ chính là TIẾNG ANH","2. Yêu cầu chuẩn tiếng Anh theo số tín chỉ tích lũy và chuẩn đầu ra","Sinh viên tích lũy từ 32 tín chỉ cần đạt một trong các điều kiện sau: đạt điểm IELTS 4.5 hoặc hoàn thành tất cả các học phần tiếng Anh trong Bảng Danh mục các học phần tiếng Anh yêu cầu ở Phụ lục 5, cụ thể là nhóm 1 gồm các học phần từ thứ tự 1 đến 7 hoặc nhóm 2 gồm các học phần từ thứ tự 8 đến 14.
Sinh viên tích lũy từ 49 tín chỉ cần đạt một trong các điều kiện sau: đạt điểm IELTS 5.5 hoặc hoàn thành tất cả các học phần tiếng Anh từ mục 15 đến 18 trong Danh mục các học phần tiếng Anh yêu cầu ở Phụ lục 5.
Điều kiện để được xét nhận đồ án hoặc khóa luận tốt nghiệp là đạt IELTS 5.5 hoặc tương đương.
Điều kiện để được xét tốt nghiệp là đạt IELTS 5.5 hoặc tương đương"
"281479","PHỤ LỤC 6 Danh mục các học phần tiếng Anh và chuẩn yêu cầu đối với các chương trình đào tạo hợp tác quốc tế (IEP) có ngoại ngữ chính là TIẾNG ANH","1. Danh mục các học phần tiếng Anh áp dụng từ K65","Học phần CLE1311 – Elementary English 1 – có thời lượng 3(3-1-0-6), không tính tín chỉ trong chương trình đào tạo, được miễn học với trình độ IELTS từ 3.5 trở lên hoặc tương đương.
Học phần CLE1312 – Elementary English 2 – có thời lượng 3(3-1-0-6), không tính tín chỉ trong chương trình đào tạo, được miễn học với trình độ IELTS từ 3.5 trở lên hoặc tương đương.
Học phần CLE2311 – Pre-Intermediate English 1 – có thời lượng 3(3-1-0-6), không tính tín chỉ trong chương trình đào tạo, được miễn học với trình độ IELTS từ 4.0 trở lên hoặc tương đương.
Học phần CLE2312 – Pre-Intermediate English 2 – có thời lượng 3(3-1-0-6), không tính tín chỉ trong chương trình đào tạo, được miễn học với trình độ IELTS từ 4.0 trở lên hoặc tương đương.
Học phần CLE3401 – Intermediate English 1 – có thời lượng 4(4-0-0-8), không tính tín chỉ trong chương trình đào tạo, được miễn học với trình độ IELTS từ 4.5 trở lên hoặc tương đương.
Học phần CLE3402 – Intermediate English 2 – có thời lượng 4(4-0-0-8), không tính tín chỉ trong chương trình đào tạo, được miễn học với trình độ IELTS từ 4.5 trở lên hoặc tương đương.
Học phần CLE4401 – IELTS1 Preparation – có thời lượng 4(4-0-0-8), không tính tín chỉ trong chương trình đào tạo, được miễn học với trình độ IELTS từ 4.5 trở lên hoặc tương đương.
Học phần QT1331 – Tiếng Anh 3 (B2.1) – có thời lượng 3(2-1-0-6), có tính 3 tín chỉ trong chương trình đào tạo, được miễn học với trình độ IELTS từ 5.5 trở lên hoặc tương đương.
Học phần QT1341 – Tiếng Anh 4 (B2.2) – có thời lượng 3(2-0-2-6), có tính 3 tín chỉ trong chương trình đào tạo, được miễn học với trình độ IELTS từ 5.5 trở lên hoặc tương đương."
"736904","PHỤ LỤC 6 Danh mục các học phần tiếng Anh và chuẩn yêu cầu đối với các chương trình đào tạo hợp tác quốc tế (IEP) có ngoại ngữ chính là TIẾNG ANH","2. Yêu cầu chuẩn tiếng Anh theo số tín chỉ tích lũy và chuẩn đầu ra (không áp dụng đối với chương trình hợp tác với Đại học TROY ở Hoa Kỳ)","Sinh viên tích lũy từ 32 tín chỉ cần đạt một trong các điều kiện sau: đạt điểm IELTS 4.5 hoặc tương đương, hoặc hoàn thành tất cả các học phần tiếng Anh có số thứ tự từ 1 đến 7 trong Danh mục các học phần tiếng Anh yêu cầu Phụ lục 6.
Sinh viên tích lũy từ 64 tín chỉ cần đạt một trong các điều kiện sau: đạt điểm IELTS 5.5 hoặc tương đương, hoặc hoàn thành tất cả các học phần tiếng Anh có số thứ tự từ 1 đến 9 trong Danh mục các học phần tiếng Anh yêu cầu ở Phụ lục 6.
Điều kiện để được xét nhận đồ án hoặc khóa luận tốt nghiệp là đạt IELTS 5.5 quốc tế.
Điều kiện khi xét tốt nghiệp là đạt IELTS 5.5 quốc tế"
"063915","PHỤ LỤC 6 Danh mục các học phần tiếng Anh và chuẩn yêu cầu đối với các chương trình đào tạo hợp tác quốc tế (IEP) có ngoại ngữ chính là TIẾNG ANH","3. Yêu cầu chuẩn tiếng Anh đối với chương trình đào tạo hợp tác với Đại học TROY ở Hoa Kỳ","Sinh viên thuộc chương trình đào tạo hợp tác với Đại học TROY cần đạt tối thiểu IELTS 4.5 quốc tế hoặc kết quả thi nội bộ đầu khóa tương đương để đủ điều kiện đầu khóa học.
Sinh viên tích lũy từ 32 tín chỉ trở lên cần đạt tối thiểu IELTS 5.5 quốc tế hoặc TOEFL iBT 61; không xét các chứng chỉ khác.."
"538719","PHỤ LỤC 7 Danh mục các học phần và chuẩn yêu cầu đối với các chương trình đào tạo PFIEV và đào tạo tiên tiến có ngoại ngữ chính là tiếng Pháp","1. Danh mục các học phần tiếng Pháp yêu cầu đối với chương trình đào tạo chất lương cao PFIEV","Học phần FL1401 – Tiếng Pháp KSCLC 1 – có thời lượng 3(2-0-2-6), có tín chỉ trong chương trình đào tạo, được miễn học với trình độ tiếng Pháp từ DELF A1 trở lên hoặc tương đương.
Học phần FL1402 – Tiếng Pháp KSCLC 2 – có thời lượng 3(2-0-2-6), có tín chỉ trong chương trình đào tạo, được miễn học với trình độ tiếng Pháp từ DELF A1 trở lên hoặc tương đương.
Học phần FL1501 – Tiếng Pháp KSCLC 3A – có thời lượng 3(2-0-2-6), có tín chỉ trong chương trình đào tạo, được miễn học với trình độ tiếng Pháp từ DELF A2 trở lên hoặc tương đương.
Học phần FL1502 – Tiếng Pháp KSCLC 3B – có thời lượng 3(2-0-2-6), có tín chỉ trong chương trình đào tạo, được miễn học với trình độ tiếng Pháp từ DELF A2 trở lên hoặc tương đương.
Học phần FL1404 – Tiếng Pháp KSCLC 4 – có thời lượng 2(2-1-0-4), có tín chỉ trong chương trình đào tạo, được miễn học với trình độ tiếng Pháp từ DELF B1 trở lên hoặc tương đương.
Học phần FL1405 – Tiếng Pháp KSCLC 5 – có thời lượng 2(2-1-0-4), có tín chỉ trong chương trình đào tạo, được miễn học với trình độ tiếng Pháp từ DELF B1 trở lên hoặc tương đương."
"957312","PHỤ LỤC 7 Danh mục các học phần và chuẩn yêu cầu đối với các chương trình đào tạo PFIEV và đào tạo tiên tiến có ngoại ngữ chính là tiếng Pháp","2. Danh mục các học phần tiếng Pháp yêu cầu đối với chương trình đào tạo tiên tiến Công nghệ thông tin Việt – Pháp","Học phần FL1601 – Tiếng Pháp VP 1 – có thời lượng 3(1-4-0-6), không tính tín chỉ trong chương trình đào tạo, được miễn học với trình độ tiếng Pháp từ DELF A1 trở lên hoặc tương đương.
Học phần FL1602 – Tiếng Pháp VP 2 – có thời lượng 2(1-2-0-4), không tính tín chỉ trong chương trình đào tạo, được miễn học với trình độ tiếng Pháp từ DELF A1 trở lên hoặc tương đương.
Học phần FL1603 – Tiếng Pháp VP 3 – có thời lượng 3(2-0-4-6), không tính tín chỉ trong chương trình đào tạo, được miễn học với trình độ tiếng Pháp từ DELF A1 trở lên hoặc tương đương.
Học phần FL1604 – Tiếng Pháp VP 4 – có thời lượng 4(2-4-0-8), không tính tín chỉ trong chương trình đào tạo, được miễn học với trình độ tiếng Pháp từ DELF A2 trở lên hoặc tương đương.
Học phần FL1605 – Tiếng Pháp VP 5 – có thời lượng 3(2-0-4-6), không tính tín chỉ trong chương trình đào tạo, được miễn học với trình độ tiếng Pháp từ DELF A2 trở lên hoặc tương đương.
Học phần FL1606 – Tiếng Pháp VP 6 – có thời lượng 3(1-4-0-6), có tính tín chỉ trong chương trình đào tạo, được miễn học với trình độ tiếng Pháp từ DELF B1 trở lên hoặc tương đương.
Học phần FL1607 – Tiếng Pháp VP 7 – có thời lượng 1(1-0-1-4), có tính tín chỉ trong chương trình đào tạo, được miễn học với trình độ tiếng Pháp từ DELF B1 trở lên hoặc tương đương.
Học phần FL1608 – Tiếng Pháp VP 8 – có thời lượng 1(1-0-1-4), có tính tín chỉ trong chương trình đào tạo, được miễn học với trình độ tiếng Pháp từ DELF B1 trở lên hoặc tương đương.
Học phần FL1609 – Tiếng Pháp VP 9 – có thời lượng 1(1-1-0-4), có tính tín chỉ trong chương trình đào tạo, được miễn học với trình độ tiếng Pháp từ DELF B1 trở lên hoặc tương đương."
"369147","PHỤ LỤC 7 Danh mục các học phần và chuẩn yêu cầu đối với các chương trình đào tạo PFIEV và đào tạo tiên tiến có ngoại ngữ chính là tiếng Pháp","3. Yêu cầu chuẩn tiếng Pháp với các chương trình đào tạo tiên tiến và đào tạo chất lượng cao sử dụng ngoại ngữ chính là tiếng Pháp","Sinh viên chương trình PFIEV tích lũy từ 32 tín chỉ cần đạt trình độ từ DELF A1 hoặc đạt các học phần Tiếng Pháp KSCLC 1.
Sinh viên chương trình PFIEV tích lũy từ 64 tín chỉ cần đạt trình độ từ DELF A2 hoặc đạt các học phần Tiếng Pháp KSCLC 1, Tiếng Pháp KSCLC 2, Tiếng Pháp KSCLC 3A, Tiếng Pháp KSCLC 3B; sinh viên chương trình CNTT Việt – Pháp cần đạt trình độ từ DELF A2 hoặc đạt các học phần Tiếng Pháp VP 1
Sinh viên chương trình PFIEV tích lũy từ 96 tín chỉ cần đạt trình độ từ DELF B1 hoặc đạt các học phần Tiếng Pháp KSCLC 1, Tiếng Pháp KSCLC 2, Tiếng Pháp KSCLC 3A, Tiếng Pháp KSCLC 3B
Điều kiện xét nhận Đồ án tốt nghiệp/khóa luận tốt nghiệp đối với chương trình PFIEV và chương trình CNTT Việt - Pháp là đạt trình độ DELF B1 và TOEIC 500.
Điều kiện xét tốt nghiệp đối với chương trình PFIEV là đạt trình độ DELF B1 và TOEIC 600 và chương trình CNTT Việt - Pháp là đạt trình độ DELF B1 và TOEIC 500."
"879653","PHỤ LỤC 7 Danh mục các học phần và chuẩn yêu cầu đối với các chương trình đào tạo PFIEV và đào tạo tiên tiến có ngoại ngữ chính là tiếng Pháp","4. Bảng quy đổi tương đương các chứng chỉ tiếng Pháp","Chứng chỉ DELF A1 tương đương với điểm TCF từ 101 đến 199.
Chứng chỉ DELF A2 tương đương với điểm TCF từ 200 đến 299.
Chứng chỉ DELF B1 tương đương với điểm TCF từ 300 đến 399.
Chứng chỉ DELF B2 tương đương với điểm TCF từ 400 đến 499.
Chứng chỉ DELF C1 tương đương với điểm TCF từ 500 đến 599.
Chứng chỉ DELF C2 tương đương với điểm TCF từ 600 đến 699."
"493062","PHỤ LỤC 8 Danh mục các học phần và chuẩn yêu cầu đối với các chương trình đào tạo có ngoại ngữ chính là TIẾNG ĐỨC","1. Danh mục các học phần yêu cầu với các chương trình đào tạo sử dụng ngoại ngữ chính là tiếng Đức","Học phần QT0514 – Tiếng Đức 1 – có thời lượng 8(4-8-0-16), có tính 4 tín chỉ trong chương trình đào tạo, được miễn học với trình độ Goethe-Zertifikat từ A1 hoặc tương đương.
Học phần QT0524 – Tiếng Đức 2 – có thời lượng 6(5-2-0-12), có tính 3 tín chỉ trong chương trình đào tạo, được miễn học với trình độ Goethe-Zertifikat từ A2 hoặc tương đương.
Học phần QT0534 – Tiếng Đức 3 – có thời lượng 6(5-2-0-12), có tính 3 tín chỉ trong chương trình đào tạo, được miễn học với trình độ Goethe-Zertifikat từ A2 hoặc tương đương.
Học phần QT1514 – Tiếng Đức 4 – có thời lượng 6(5-2-0-12), có tính 3 tín chỉ trong chương trình đào tạo, được miễn học với trình độ Goethe-Zertifikat từ B1 hoặc tương đương.
Học phần QT1524 – Tiếng Đức 5 – có thời lượng 6(5-2-0-12), không tính tín chỉ trong chương trình đào tạo, được miễn học với trình độ Goethe-Zertifikat từ B1 hoặc tương đương.
Học phần QT1528 – Tiếng Đức 6 – có thời lượng 6(4-4-0-12), không tính tín chỉ trong chương trình đào tạo, được miễn học với trình độ Goethe-Zertifikat từ B2 hoặc tương đương.
Học phần QT1529 – Tiếng Đức 7 – có thời lượng 6(4-4-0-12), không tính tín chỉ trong chương trình đào tạo, được miễn học với trình độ Goethe-Zertifikat từ B2 hoặc tương đương.
Học phần QT1524 Tiếng Đức 5: chỉ dành cho các sinh viên học chuyển tiếp sang Đức theo chương trình Kỹ thuật Điện tử - Viễn thông, hợp tác với ĐH Leibniz Hannover.
Học phần QT1524 Tiếng Đức 5, QT1528 Tiếng Đức 6, QT1529 Tiếng Đức 7: chỉ dành cho các sinh viên học chuyển tiếp sang Đức theo chương trình Kỹ thuật Cơ điện tử, hợp tác với ĐH Leibniz Hannover."
"102346","PHỤ LỤC 8 Danh mục các học phần và chuẩn yêu cầu đối với các chương trình đào tạo có ngoại ngữ chính là TIẾNG ĐỨC","2. Yêu cầu chuẩn tiếng Đức với các chương trình đào tạo sử dụng ngoại ngữ chính là tiếng Đức","Sinh viên tích lũy từ 32 tín chỉ cần đạt chứng chỉ Goethe-Zertifikat A2 hoặc tương đương (theo Bảng quy đổi 8.3), hoặc hoàn thành các học phần số thứ tự 1 và 2 trong Bảng 8.1.
Sinh viên tích lũy từ 64 tín chỉ cần đạt chứng chỉ Goethe-Zertifikat B1 hoặc tương đương (theo Bảng quy đổi các chứng chỉ tiếng Đức ở Phụ lục 8), hoặc hoàn thành các học phần số thứ tự 1 đến 4 trong Danh mục các học phần ở Phụ lục 8.
Điều kiện để được xét nhận đồ án hoặc khóa luận tốt nghiệp là đạt trình độ Goethe-Zertifikat B1 hoặc tương đương (theo Bảng quy đổi các chứng chỉ tiếng Đức ở Phụ lục 8), hoặc hoàn thành các học phần số thứ tự 1 đến 4 trong Danh mục các học phần ở Phụ lục 8.
Điều kiện để được xét tốt nghiệp là đạt trình độ Goethe-Zertifikat B1 hoặc tương đương (theo Bảng quy đổi các chứng chỉ tiếng Đức ở Phụ lục 8), hoặc hoàn thành các học phần số thứ tự 1 đến 4 trong Danh mục các học phần ở Phụ lục 8."
"642805","PHỤ LỤC 8 Danh mục các học phần và chuẩn yêu cầu đối với các chương trình đào tạo có ngoại ngữ chính là TIẾNG ĐỨC","3. Bảng quy đổi tương đương các chứng chỉ tiếng Đức","Chứng chỉ Goethe-Zertifikat A1 tương đương với trình độ A1 của TELC, ÖSD hoặc HUSTGC.
Chứng chỉ Goethe-Zertifikat A2 tương đương với chứng chỉ DSD1 và trình độ A2 của TELC, ÖSD hoặc HUSTGC.
Chứng chỉ Goethe-Zertifikat B1 tương đương với chứng chỉ DSD1 và trình độ B1 của TELC, ÖSD hoặc HUSTGC.
Chứng chỉ Goethe-Zertifikat B2 gồm B2.1 tương đương với TDN3 và Goethe-Zertifikat B2.2 tương đương với TDN4 trong hệ thống TestDaF và Goethe-Zertifikat B2 tương đương với chứng chỉ DSD2 hoặc trình độ B2 của TELC, ÖSD hoặc HUSTGC.
Chứng chỉ Goethe-Zertifikat C1 tương đương với TDN5 trong hệ thống TestDaF, DSD2 và trình độ C1 của TELC, ÖSD hoặc HUSTGC.
Chứng chỉ Goethe-Zertifikat C2 tương đương với trình độ C2 của TELC, ÖSD hoặc HUSTGC."
"215798","PHỤ LỤC 9 Danh mục các học phần và chuẩn yêu cầu đối với các chương trình đào tạo có ngoại ngữ chính là TIẾNG NHẬT","1. Danh mục các học phần tiếng Nhật yêu cầu với chương trình Cơ điện tử (hợp tác với ĐH Nagaoka - NUT)","Học phần QT0113 – Tiếng Nhật I – có thời lượng 5(0-10-0-10), có tính 3 tín chỉ trong chương trình đào tạo, được miễn học với trình độ tiếng Nhật từ N5 trở lên.
Học phần QT0123 – Tiếng Nhật II – có thời lượng 5(0-10-0-10), có tính 3 tín chỉ trong chương trình đào tạo, được miễn học với trình độ tiếng Nhật từ N4 trở lên.
Học phần QT1113 – Tiếng Nhật III – có thời lượng 5(0-10-0-10), có tính 3 tín chỉ trong chương trình đào tạo, không được miễn học ở bất kỳ mức chứng chỉ nào, Học phần bắt buộc, định hướng kỹ thuật.
Học phần QT1123 – Tiếng Nhật IV – có thời lượng 5(0-10-0-10), có tính 3 tín chỉ trong chương trình đào tạo, không được miễn học ở bất kỳ mức chứng chỉ nào, Học phần bắt buộc, định hướng kỹ thuật.
Học phần QT0112 – Tiếng Nhật I (hệ chuyển tiếp) – có thời lượng 9(0-18-0-18), có tính 3 tín chỉ, không được miễn học ở bất kỳ mức chứng chỉ nào.
Học phần QT0122 – Tiếng Nhật II (hệ chuyển tiếp) – có thời lượng 9(0-18-0-18), có tính 3 tín chỉ, không được miễn học ở bất kỳ mức chứng chỉ nào.
Học phần QT1112 – Tiếng Nhật III (hệ chuyển tiếp) – có thời lượng 9(0-18-0-18), có tính 3 tín chỉ, không được miễn học ở bất kỳ mức chứng chỉ nào, Học phần bắt buộc, định hướng kỹ thuật.
Học phần QT1122 – Tiếng Nhật IV (hệ chuyển tiếp) – có thời lượng 9(0-18-0-18), có tính 3 tín chỉ, không được miễn học ở bất kỳ mức chứng chỉ nào, Học phần bắt buộc, định hướng kỹ thuật.
Học phần QT1132 – Tiếng Nhật V (hệ chuyển tiếp) – có thời lượng 9(0-18-0-18), không tính tín chỉ, không được miễn học ở bất kỳ mức chứng chỉ nào, Học phần định hướng kỹ thuật.
Các học phần QT0112, QT0122, QT1112, QT1122,QT1132 dành cho sinh viên học chuyển tiếp sang trường đối tác"
"918273","PHỤ LỤC 9 Danh mục các học phần và chuẩn yêu cầu đối với các chương trình đào tạo có ngoại ngữ chính là TIẾNG NHẬT","2. Danh mục các học phần tiếng Nhật với chương trình Hệ thống nhúng thông minh và IoT K64","Học phần JP1110 – Tiếng Nhật 1 – có thời lượng 5(0-10-0-10), không tính tín chỉ trong chương trình đào tạo, được miễn học với trình độ tiếng Nhật từ N5 trở lên, trình độ Mức 4.
Học phần JP1120 – Tiếng Nhật 2 – có thời lượng 5(0-10-0-10), không tính tín chỉ trong chương trình đào tạo, được miễn học với trình độ tiếng Nhật từ N4 trở lên, trình độ Mức 2.
Học phần JP1133 – Tiếng Nhật 3 – có thời lượng 3(0-6-0-6), không tính tín chỉ trong chương trình đào tạo, được miễn học với trình độ tiếng Nhật từ N3 trở lên, trình độ Mức 3.
Học phần JP2112 – Tiếng Nhật 4 – có thời lượng 3(0-6-0-6), không tính tín chỉ trong chương trình đào tạo, được miễn học với trình độ tiếng Nhật N3 trở lên, trình độ Mức 4.
Học phần JP2123 – Tiếng Nhật 5 – có thời lượng 4(0-8-0-8), có tính tín chỉ trong chương trình đào tạo, không được miễn học, Học phần bắt buộc, định hướng kỹ thuật.
Học phần JP2124 – Tiếng Nhật 6 – có thời lượng 4(0-8-0-8), có tính tín chỉ trong chương trình đào tạo, không được miễn học, Học phần bắt buộc, định hướng kỹ thuật.
Học phần JP2125 – Tiếng Nhật 7 – có thời lượng 3(0-6-0-6), có tính tín chỉ trong chương trình đào tạo, không được miễn học, Học phần bắt buộc, định hướng kỹ thuật."
"167294","PHỤ LỤC 9 Danh mục các học phần và chuẩn yêu cầu đối với các chương trình đào tạo có ngoại ngữ chính là TIẾNG NHẬT","3. Danh mục các học phần tiếng Nhật với chương trình Hệ thống nhúng thông minh và IoT từ K65","Học phần JP1111 – Tiếng Nhật 1 – có thời lượng 4(0-8-0-8), không tính tín chỉ trong chương trình đào tạo, được miễn học với trình độ tiếng Nhật từ N5 trở lên, trình độ Mức 4.
Học phần JP1121 – Tiếng Nhật 2 – có thời lượng 4(0-8-0-8), không tính tín chỉ trong chương trình đào tạo, được miễn học với trình độ tiếng Nhật từ N4 trở lên, trình độ Mức 2.
Học phần JP1134 – Tiếng Nhật 3 – có thời lượng 4(0-8-0-8), không tính tín chỉ trong chương trình đào tạo, được miễn học với trình độ tiếng Nhật từ N3 trở lên, trình độ Mức 3.
Học phần JP1144 – Tiếng Nhật 4 – có thời lượng 4(0-8-0-8), không tính tín chỉ trong chương trình đào tạo, được miễn học với trình độ tiếng Nhật N3 trở lên, trình độ Mức 4.
Học phần JP2123 – Tiếng Nhật 5 – có thời lượng 4(0-8-0-8), có tính tín chỉ trong chương trình đào tạo, không được miễn học, Học phần bắt buộc, định hướng kỹ thuật.
Học phần JP2124 – Tiếng Nhật 6 – có thời lượng 4(0-8-0-8), có tính tín chỉ trong chương trình đào tạo, không được miễn học, Học phần bắt buộc, định hướng kỹ thuật.
Học phần JP2125 – Tiếng Nhật 7 – có thời lượng 3(0-6-0-6), có tính tín chỉ trong chương trình đào tạo, không được miễn học, Học phần bắt buộc, định hướng kỹ thuật."
"830156","PHỤ LỤC 9 Danh mục các học phần và chuẩn yêu cầu đối với các chương trình đào tạo có ngoại ngữ chính là TIẾNG NHẬT","4. Danh mục các học phần tiếng Nhật với chương trình Công nghệ thông tin Việt Nhật từ K65","Học phần JP1110 – Tiếng Nhật 1 – có thời lượng 5(0-10-0-10), không tính tín chỉ trong chương trình đào tạo, được miễn học với trình độ tiếng Nhật từ N3 trở lên, trình độ Múc 1.
Học phần JP1120 – Tiếng Nhật 2 – có thời lượng 5(0-10-0-10), không tính tín chỉ trong chương trình đào tạo, được miễn học với trình độ tiếng Nhật từ N3 trở lên, trình độ Mức 2.
Học phần JP1132 – Tiếng Nhật 3 – có thời lượng 3(0-6-0-6), không tính tín chỉ trong chương trình đào tạo, được miễn học với trình độ tiếng Nhật từ N3 trở lên, trình độ Mức 3.
Học phần JP2111 – Tiếng Nhật 4 – có thời lượng 3(0-6-0-6), không tính tín chỉ trong chương trình đào tạo, được miễn học với trình độ tiếng Nhật từ N3 trở lên, trình đồ Mức 4.
Học phần JP2126 – Tiếng Nhật 5 – có thời lượng 2(0-4-0-4), có tính tín chỉ  trong chương trình đào tạo, Học phần bắt buộc, định hướng kỹ thuật.
Học phần JP2132 – Tiếng Nhật 6 – có thời lượng 2(0-4-0-4), có tính tín chỉ trong chương trình đào tạo, Học phần bắt buộc, định hướng kỹ thuật.
Học phần JP2210 – Tiếng Nhật 7 – có thời lượng 2(0-4-0-4), có tính tín chỉ trong chương trình đào tạo, Học phần bắt buộc, định hướng kỹ thuật.
Học phần JP2220 – Tiếng Nhật 8 – có thời lượng 1(0-2-0-2), có tính tín chỉ trong chương trình đào tạo, Học phần bắt buộc, định hướng kỹ thuật.
Học phần JP3110 – Tiếng Nhật chuyên ngành 1 – có thời lượng 2(0-4-0-4), có tính tín chỉ trong chương trình đào tạo, Học phần bắt buộc, định hướng kỹ thuật.
Học phần JP3120 – Tiếng Nhật chuyên ngành 2 – có thời lượng 2(0-4-0-4), có tính tín chỉ trong chương trình đào tạo, Học phần bắt buộc, định hướng kỹ thuật."
"279460","PHỤ LỤC 9 Danh mục các học phần và chuẩn yêu cầu đối với các chương trình đào tạo có ngoại ngữ chính là TIẾNG NHẬT","5. Yêu cầu chuẩn tiếng Nhật với các chương trình đào tạo sử dụng ngoại ngữ chính là tiếng Nhật","Sinh viên tích lũy từ 32 tín chỉ cần có chứng chỉ tiếng Nhật N4 hoặc hoàn thành các học phần tiếng Nhật ở Mức 1 và Mức 2 (Tiếng Nhật 1, Tiếng Nhật 2 và các tên học phần tương đương); riêng đối với chương trình Công nghệ thông tin Việt Nhật yêu cầu hoàn thành các học phần tiếng Nhật ở Mức 1 và Mức 2 (Tiếng Nhật 1, Tiếng Nhật 2 và các tên học phần tương đương).
Sinh viên tích lũy từ 64 tín chỉ cần có chứng chỉ tiếng Nhật N3 hoặc hoàn thành các học phần tiếng Nhật từ Mức 1 đến Mức 4 (Tiếng Nhật 1, Tiếng Nhật 2, Tiếng Nhật 3, Tiếng Nhật 4).
Điều kiện để được xét nhận đồ án hoặc khóa luận tốt nghiệp là có chứng chỉ tiếng Nhật N3 hoặc hoàn thành các học phần tiếng Nhật từ Mức 1 đến Mức 4 (Tiếng Nhật 1, Tiếng Nhật 2, Tiếng Nhật 3, Tiếng Nhật 4); riêng với chương trình Cơ điện tử (NUT), sinh viên cần có chứng chỉ tiếng Nhật N3 và hoàn thành các học phần tiếng Nhật Mức 3 và Mức 4 (Tiếng Nhật 3, Tiếng Nhật 4), hoặc hoàn thành toàn bộ các học phần tiếng Nhật từ Mức 1 đến Mức 4 (Tiếng Nhật 1, Tiếng Nhật 2, Tiếng Nhật 3, Tiếng Nhật 4).
Điều kiện để được xét tốt nghiệp là có chứng chỉ tiếng Nhật N3 hoặc hoàn thành các học phần tiếng Nhật từ Mức 1 đến Mức 4 (Tiếng Nhật 1, Tiếng Nhật 2, Tiếng Nhật 3, Tiếng Nhật 4); riêng với chương trình Cơ điện tử (NUT), sinh viên cần có chứng chỉ tiếng Nhật N3 và hoàn thành các học phần tiếng Nhật Mức 3 và Mức 4 (Tiếng Nhật 3, Tiếng Nhật 4), hoặc hoàn thành toàn bộ các học phần tiếng Nhật từ Mức 1 đến Mức 4 (Tiếng Nhật 1, Tiếng Nhật 2, Tiếng Nhật 3, Tiếng Nhật 4)."
"741038","PHỤ LỤC 9 Danh mục các học phần và chuẩn yêu cầu đối với các chương trình đào tạo có ngoại ngữ chính là TIẾNG NHẬT","6. Bảng quy đổi tương đương các chứng chỉ tiếng Nhật","Chứng chỉ tiếng Nhật JLPT N5 tương đương với trình độ A2 theo Khung năng lực ngoại ngữ CEFR-VN.
Chứng chỉ tiếng Nhật JLPT N4 tương đương với trình độ B1 theo Khung năng lực ngoại ngữ CEFR-VN.
Chứng chỉ tiếng Nhật JLPT N3 tương đương với trình độ B2 theo Khung năng lực ngoại ngữ CEFR-VN.
Chứng chỉ tiếng Nhật JLPT N2 tương đương với trình độ C1 theo Khung năng lực ngoại ngữ CEFR-VN.
Chứng chỉ tiếng Nhật JLPT N1 tương đương với trình độ C2 theo Khung năng lực ngoại ngữ CEFR-VN."
